<?xml version="1.0" encoding="UTF-8"?><server description="Feature list generated by binaryAppScanner">
    <featureManager>
        <!--The following features are available in all editions of Liberty.-->
        <feature>ejbLite-3.2</feature>
        <feature>jdbc-4.1</feature>
        <feature>jndi-1.0</feature>
        <feature>jpa-2.1</feature>
        <feature>jsf-2.2</feature>
        <feature>jsp-2.3</feature>
        <feature>servlet-3.1</feature>
        <!--The following features are available in Liberty base and above.-->
        <feature>jaxb-2.2</feature>
        <feature>jms-2.0</feature>
        <feature>mdb-3.2</feature>
    </featureManager>
</server>