{
   "report": "analysis",
   "version": "1.1",
   "totalRulesFlagged": 5,
   "filesAffected": 19,
   "totalResults": 52,
   "options": [
      "--sourceAppServer=was90",
      "--sourceJava=ibm8",
      "--targetAppServer=was90",
      "--targetJava=ibm8",
      "--targetCloud=wasVM"
   ],
   "severitySummary": [
      {
         "severity": "Warning",
         "totalRulesFlagged": 5,
         "totalResults": 52
      }
   ],
   "applications": [
      "/opt/IBM/WebSphere/AppServer/profiles/Dmgr01/config/cells/transAdvisor1Cell01/applications/DayTrader-EE6.ear/DayTrader-EE6.ear"
   ],
   "rules": [
      {
         "ruleName": "Databases",
         "severity": "Warning",
         "category": "Technology connectivity considerations for IBM Cloud",
         "results": [
            {
               "fileName": "DayTrader-EE6.ear/web.war/WEB-INF/classes/com/ibm/websphere/samples/daytrader/web/prims/ejb3/PingServlet2Entity.class",
               "details": [
                  {
                     "reference": "Field annotation em",
                     "match": "javax.persistence",
                     "lineNumber": 0
                  }
               ]
            },
            {
               "fileName": "DayTrader-EE6.ear/web.war/WEB-INF/classes/com/ibm/websphere/samples/daytrader/web/prims/PingServlet2DB.class",
               "details": [
                  {
                     "reference": "Method doGet",
                     "match": "java.sql",
                     "lineNumber": 70
                  }
               ]
            },
            {
               "fileName": "DayTrader-EE6.ear/Rest.war/WEB-INF/lib/commons-lang-2.3.jar/org/apache/commons/lang/exception/ExceptionUtils.class",
               "details": [
                  {
                     "reference": "Method getCauseUsingWellKnownTypes",
                     "match": "java.sql",
                     "lineNumber": 352
                  }
               ]
            },
            {
               "fileName": "DayTrader-EE6.ear/web.war/WEB-INF/lib/standard-1.1.1.jar/org/apache/taglibs/standard/tag/common/sql/DataSourceUtil.class",
               "details": [
                  {
                     "reference": "Method getDataSource - Method return type",
                     "match": "javax.sql",
                     "lineNumber": 0
                  }
               ]
            },
            {
               "fileName": "DayTrader-EE6.ear/dt-ejb.jar/com/ibm/websphere/samples/daytrader/AccountDataBean.class",
               "details": [
                  {
                     "reference": "Method login",
                     "match": "java.sql",
                     "lineNumber": 277
                  },
                  {
                     "reference": "Class annotation",
                     "match": "javax.persistence",
                     "lineNumber": 0
                  }
               ]
            }
         ]
      },
      {
         "ruleName": "Java Message Service (JMS)",
         "severity": "Warning",
         "category": "Technology connectivity considerations for IBM Cloud (not Liberty Core)",
         "results": [
            {
               "fileName": "DayTrader-EE6.ear/web.war/WEB-INF/classes/com/ibm/websphere/samples/daytrader/web/prims/ejb3/PingServlet2MDBQueue.class",
               "details": [
                  {
                     "reference": "Field queueConnectionFactory",
                     "match": "javax.jms.ConnectionFactory",
                     "lineNumber": 0
                  }
               ]
            },
            {
               "fileName": "DayTrader-EE6.ear/dt-ejb.jar/com/ibm/websphere/samples/daytrader/direct/TradeDirect.class",
               "details": [
                  {
                     "reference": "Field qConnFactory",
                     "match": "javax.jms.ConnectionFactory",
                     "lineNumber": 0
                  }
               ]
            }
         ]
      },
      {
         "ruleName": "Message-Driven Beans (MDB)",
         "severity": "Warning",
         "category": "Technology connectivity considerations for IBM Cloud (not Liberty Core)",
         "results": [
            {
               "fileName": "DayTrader-EE6.ear/dt-ejb.jar/com/ibm/websphere/samples/daytrader/ejb3/DTBroker3MDB.class",
               "details": [
                  {
                     "reference": "Class annotation",
                     "match": "javax.ejb.MessageDriven",
                     "lineNumber": 0
                  }
               ]
            }
         ]
      },
      {
         "ruleName": "Validate the URL host and port for cloud access",
         "severity": "Warning",
         "category": "Connectivity considerations for IBM Cloud",
         "results": [
            {
               "fileName": "DayTrader-EE6.ear/Rest.war/WEB-INF/lib/jcl-over-slf4j-1.5.11.jar/org/apache/commons/logging/LogFactory.class",
               "details": [
                  {
                     "reference": "Static initializer",
                     "match": "http://www.slf4j.org/codes.html#unsupported_operation_in_jcl_over_slf4j",
                     "lineNumber": 38
                  }
               ]
            },
            {
               "fileName": "DayTrader-EE6.ear/web.war/WEB-INF/lib/standard-1.1.1.jar/org/apache/taglibs/standard/tlv/JstlXmlTLV$Handler.class",
               "details": [
                  {
                     "reference": "Method startElement",
                     "match": "http://java.sun.com/JSP/Page",
                     "lineNumber": 228
                  }
               ]
            },
            {
               "fileName": "DayTrader-EE6.ear/Rest.war/WEB-INF/lib/slf4j-api-1.5.11.jar/org/slf4j/LoggerFactory.class",
               "details": [
                  {
                     "reference": "Field VERSION_MISMATCH",
                     "match": "http://www.slf4j.org/codes.html#version_mismatch",
                     "lineNumber": 0
                  },
                  {
                     "reference": "Field SUBSTITUTE_LOGGER_URL",
                     "match": "http://www.slf4j.org/codes.html#substituteLogger",
                     "lineNumber": 0
                  },
                  {
                     "reference": "Field UNSUCCESSFUL_INIT_URL",
                     "match": "http://www.slf4j.org/codes.html#unsuccessfulInit",
                     "lineNumber": 0
                  },
                  {
                     "reference": "Field MULTIPLE_BINDINGS_URL",
                     "match": "http://www.slf4j.org/codes.html#multiple_bindings",
                     "lineNumber": 0
                  },
                  {
                     "reference": "Field NO_STATICLOGGERBINDER_URL",
                     "match": "http://www.slf4j.org/codes.html#StaticLoggerBinder",
                     "lineNumber": 0
                  },
                  {
                     "reference": "Field NULL_LF_URL",
                     "match": "http://www.slf4j.org/codes.html#null_LF",
                     "lineNumber": 0
                  }
               ]
            },
            {
               "fileName": "DayTrader-EE6.ear/web.war/WEB-INF/classes/com/ibm/websphere/samples/daytrader/web/prims/PingServlet2PDF.class",
               "details": [
                  {
                     "reference": "Method doGet",
                     "match": "http://localhost:9080/daytrader/WAS_V7_64-bit_performance.pdf",
                     "lineNumber": 76
                  }
               ]
            },
            {
               "fileName": "DayTrader-EE6.ear/web.war/WEB-INF/lib/standard-1.1.1.jar/org/apache/taglibs/standard/tlv/JstlBaseTLV.class",
               "details": [
                  {
                     "reference": "Field JSP",
                     "match": "http://java.sun.com/JSP/Page",
                     "lineNumber": 0
                  },
                  {
                     "reference": "Constructor",
                     "match": "http://java.sun.com/JSP/Page",
                     "lineNumber": 80
                  },
                  {
                     "reference": "Method isJspTag",
                     "match": "http://java.sun.com/JSP/Page",
                     "lineNumber": 218
                  }
               ]
            },
            {
               "fileName": "DayTrader-EE6.ear/web.war/WEB-INF/lib/standard-1.1.1.jar/org/apache/taglibs/standard/tlv/JstlFmtTLV$Handler.class",
               "details": [
                  {
                     "reference": "Method startElement",
                     "match": "http://java.sun.com/JSP/Page",
                     "lineNumber": 213
                  }
               ]
            },
            {
               "fileName": "DayTrader-EE6.ear/Rest.war/WEB-INF/lib/slf4j-api-1.5.11.jar/org/slf4j/MDC.class",
               "details": [
                  {
                     "reference": "Field NULL_MDCA_URL",
                     "match": "http://www.slf4j.org/codes.html#null_MDCA",
                     "lineNumber": 0
                  },
                  {
                     "reference": "Field NO_STATIC_MDC_BINDER_URL",
                     "match": "http://www.slf4j.org/codes.html#no_static_mdc_binder",
                     "lineNumber": 0
                  }
               ]
            },
            {
               "fileName": "DayTrader-EE6.ear/web.war/WEB-INF/lib/standard-1.1.1.jar/org/apache/taglibs/standard/tag/common/xml/XPathUtil.class",
               "details": [
                  {
                     "reference": "Field PARAM_NS_URL",
                     "match": "http://java.sun.com/jstl/xpath/param",
                     "lineNumber": 0
                  },
                  {
                     "reference": "Method getVariableQNames",
                     "match": "http://java.sun.com/jstl/xpath/param",
                     "lineNumber": 125
                  },
                  {
                     "reference": "Method staticInit",
                     "match": "http://java.sun.com/jstl/xpath/param",
                     "lineNumber": 386
                  },
                  {
                     "reference": "Field REQUEST_NS_URL",
                     "match": "http://java.sun.com/jstl/xpath/request",
                     "lineNumber": 0
                  },
                  {
                     "reference": "Method getVariableQNames",
                     "match": "http://java.sun.com/jstl/xpath/request",
                     "lineNumber": 93
                  },
                  {
                     "reference": "Method staticInit",
                     "match": "http://java.sun.com/jstl/xpath/request",
                     "lineNumber": 383
                  },
                  {
                     "reference": "Field INITPARAM_NS_URL",
                     "match": "http://java.sun.com/jstl/xpath/initParam",
                     "lineNumber": 0
                  },
                  {
                     "reference": "Method getVariableQNames",
                     "match": "http://java.sun.com/jstl/xpath/initParam",
                     "lineNumber": 133
                  },
                  {
                     "reference": "Method staticInit",
                     "match": "http://java.sun.com/jstl/xpath/initParam",
                     "lineNumber": 387
                  },
                  {
                     "reference": "Field HEADER_NS_URL",
                     "match": "http://java.sun.com/jstl/xpath/header",
                     "lineNumber": 0
                  },
                  {
                     "reference": "Method getVariableQNames",
                     "match": "http://java.sun.com/jstl/xpath/header",
                     "lineNumber": 141
                  },
                  {
                     "reference": "Method staticInit",
                     "match": "http://java.sun.com/jstl/xpath/header",
                     "lineNumber": 388
                  },
                  {
                     "reference": "Field COOKIE_NS_URL",
                     "match": "http://java.sun.com/jstl/xpath/cookie",
                     "lineNumber": 0
                  },
                  {
                     "reference": "Method getVariableQNames",
                     "match": "http://java.sun.com/jstl/xpath/cookie",
                     "lineNumber": 150
                  },
                  {
                     "reference": "Method staticInit",
                     "match": "http://java.sun.com/jstl/xpath/cookie",
                     "lineNumber": 389
                  },
                  {
                     "reference": "Field SESSION_NS_URL",
                     "match": "http://java.sun.com/jstl/xpath/session",
                     "lineNumber": 0
                  },
                  {
                     "reference": "Method getVariableQNames",
                     "match": "http://java.sun.com/jstl/xpath/session",
                     "lineNumber": 104
                  },
                  {
                     "reference": "Method staticInit",
                     "match": "http://java.sun.com/jstl/xpath/session",
                     "lineNumber": 384
                  },
                  {
                     "reference": "Method getDummyDocument",
                     "match": "http://java.sun.com/jstl",
                     "lineNumber": 411
                  },
                  {
                     "reference": "Field PAGE_NS_URL",
                     "match": "http://java.sun.com/jstl/xpath/page",
                     "lineNumber": 0
                  },
                  {
                     "reference": "Method getVariableQNames",
                     "match": "http://java.sun.com/jstl/xpath/page",
                     "lineNumber": 81
                  },
                  {
                     "reference": "Method staticInit",
                     "match": "http://java.sun.com/jstl/xpath/page",
                     "lineNumber": 382
                  },
                  {
                     "reference": "Field APP_NS_URL",
                     "match": "http://java.sun.com/jstl/xpath/app",
                     "lineNumber": 0
                  },
                  {
                     "reference": "Method getVariableQNames",
                     "match": "http://java.sun.com/jstl/xpath/app",
                     "lineNumber": 115
                  },
                  {
                     "reference": "Method staticInit",
                     "match": "http://java.sun.com/jstl/xpath/app",
                     "lineNumber": 385
                  }
               ]
            },
            {
               "fileName": "DayTrader-EE6.ear/web.war/WEB-INF/lib/standard-1.1.1.jar/org/apache/taglibs/standard/tlv/JstlSqlTLV$Handler.class",
               "details": [
                  {
                     "reference": "Method startElement",
                     "match": "http://java.sun.com/JSP/Page",
                     "lineNumber": 181
                  }
               ]
            },
            {
               "fileName": "DayTrader-EE6.ear/web.war/WEB-INF/lib/standard-1.1.1.jar/org/apache/taglibs/standard/tag/common/xml/ParseSupport.class",
               "details": [
                  {
                     "reference": "Method doEndTag",
                     "match": "http://javax.xml.transform.sax.SAXTransformerFactory/feature",
                     "lineNumber": 120
                  }
               ]
            },
            {
               "fileName": "DayTrader-EE6.ear/web.war/WEB-INF/lib/standard-1.1.1.jar/org/apache/taglibs/standard/tlv/JstlCoreTLV$Handler.class",
               "details": [
                  {
                     "reference": "Method startElement",
                     "match": "http://java.sun.com/JSP/Page",
                     "lineNumber": 250
                  }
               ]
            }
         ]
      }
   ]
}