<?xml version="1.0" encoding="UTF-8" standalone="yes"?>
<server>
    <featureManager>
        <feature>jsp-2.3</feature>
        <feature>wasJmsServer-1.0</feature>
        <feature>wasJmsClient-2.0</feature>
        <feature>mdb-3.2</feature>
        <feature>jdbc-4.1</feature>
    </featureManager>
    <authData id="TradeDataSourceAuthData" user="root" password="???"/>
    <authData id="TradeAdminAuthData" user="AdminUserID" password="???"/>
    <messagingEngine>
        <queue id="TradeBrokerQueue"/>
        <topicSpace id="TradeStreamerTopic"/>
    </messagingEngine>
    <jmsQueue id="TradeBrokerQueue" jndiName="jms/TradeBrokerQueue">
        <properties.wasJms deliveryMode="NonPersistent" queueName="TradeBrokerJSD"/>
    </jmsQueue>
    <jmsTopic id="TradeStreamerTopic" jndiName="jms/TradeStreamerTopic">
        <properties.wasJms deliveryMode="NonPersistent" topicName="TradeStreamerTopic" topicSpace="Trade.Topic.Space"/>
    </jmsTopic>
    <jmsActivationSpec id="TradeBrokerMDBSpec">
        <properties.wasJms destinationType="javax.jms.Queue"/>
    </jmsActivationSpec>
    <jmsActivationSpec id="TradeStreamerMDBSpec">
        <properties.wasJms destinationType="javax.jms.Topic"/>
    </jmsActivationSpec>
    <jmsQueueConnectionFactory id="TradeBrokerQCF" jndiName="jms/TradeBrokerQCF">
        <properties.wasJms/>
    </jmsQueueConnectionFactory>
    <jmsTopicConnectionFactory id="TradeStreamerTCF" jndiName="jms/TradeStreamerTCF">
        <properties.wasJms/>
    </jmsTopicConnectionFactory>
    <jdbcDriver id="DB2_Universal_JDBC_Driver_Provider_Only_(XA)" javax.sql.DataSource="com.ibm.db2.jcc.DB2XADataSource">
        <library>
            <file name="/home/db2inst1/sqllib/java/db2jcc.jar"/>
            <file name="/home/db2inst1/sqllib/java/db2jcc_license_cu.jar"/>
        </library>
    </jdbcDriver>
    <dataSource id="TradeDataSource" jndiName="jdbc/TradeDataSource" jdbcDriverRef="DB2_Universal_JDBC_Driver_Provider_Only_(XA)">
        <properties.db2.jcc databaseName="tradedb" serverName="9.161.100.223" portNumber="50000" retrieveMessagesFromServerOnGetMessage="false" traceLevel="-1" useTransactionRedirect="false" beginTranForResultSetScrollingAPIs="false" validateNewConnectionRetryInterval="3" name="TradeDataSource" reauthentication="false" validateNewConnection="false" validateNewConnectionRetryCount="100" unbindClientRerouteListFromJndi="false" enableClientInformation="false" enableMultithreadedAccessDetection="false" nonTransactionalDataSource="false" errorDetectionModel="ExceptionMapping" propagateClientIdentityUsingTrustedContext="false" statementCacheSize="60" beginTranForVendorAPIs="false" preTestSQLString="SELECT CURRENT SQLID FROM SYSIBM.SYSDUMMY1" connectionSharing="1"/>
        <connectionManager agedTimeout="0" connectionTimeout="180" maxIdleTime="1800" maxPoolSize="50" minPoolSize="10" reapTime="180"/>
    </dataSource>
    <dataSource id="NoTxTradeDataSource" jndiName="jdbc/NoTxTradeDataSource" jdbcDriverRef="DB2_Universal_JDBC_Driver_Provider_Only_(XA)">
        <properties.db2.jcc databaseName="tradedb" serverName="9.161.100.223" portNumber="50000" retrieveMessagesFromServerOnGetMessage="false" traceLevel="-1" useTransactionRedirect="false" beginTranForResultSetScrollingAPIs="false" validateNewConnectionRetryInterval="3" name="NoTxTradeDataSource" reauthentication="false" validateNewConnection="false" validateNewConnectionRetryCount="100" unbindClientRerouteListFromJndi="false" enableClientInformation="false" enableMultithreadedAccessDetection="false" nonTransactionalDataSource="true" errorDetectionModel="ExceptionMapping" propagateClientIdentityUsingTrustedContext="false" beginTranForVendorAPIs="false" preTestSQLString="SELECT CURRENT SQLID FROM SYSIBM.SYSDUMMY1" connectionSharing="1"/>
        <connectionManager agedTimeout="0" connectionTimeout="180" maxIdleTime="1800" maxPoolSize="50" minPoolSize="10" reapTime="180"/>
    </dataSource>
</server>
