{"productInf":[{"name":"IBM WebSphere Application Server Network Deployment","id":"ND","version":"9.0.0.4","buildDate":"5/23/17","buildLevel":"cf041721.01"},{"name":"IBM SDK, Java Technology Edition, Version 8","id":"JAVA8","version":"8.0.3.0","buildDate":"04/28/16","buildLevel":"pxa6480sr3-20160428_01"}],"profiles":[{"name":"Dmgr01","profilePath":"/opt/IBM/WebSphere/AppServer/profiles/Dmgr01","cellName":"transAdvisor1Cell01","dmgrName":null,"nodes":null,"servers":[{"name":"dmgr","displayName":"dmgr","serverType":"DEPLOYMENT_MANAGER"}],"clusterNames":["transformationAdvisor"],"applications":["/opt/IBM/WebSphere/AppServer/profiles/Dmgr01/config/cells/transAdvisor1Cell01/applications/DefaultApplication.ear/DefaultApplication.ear","/opt/IBM/WebSphere/AppServer/profiles/Dmgr01/config/cells/transAdvisor1Cell01/applications/EC-EAR.ear/EC-EAR.ear","/opt/IBM/WebSphere/AppServer/profiles/Dmgr01/config/cells/transAdvisor1Cell01/applications/ECDB-EAR.ear/ECDB-EAR.ear","/opt/IBM/WebSphere/AppServer/profiles/Dmgr01/config/cells/transAdvisor1Cell01/applications/ECWDB-EAR.ear/ECWDB-EAR.ear","/opt/IBM/WebSphere/AppServer/profiles/Dmgr01/config/cells/transAdvisor1Cell01/applications/LegacyEARProject.ear/LegacyEARProject.ear","/opt/IBM/WebSphere/AppServer/profiles/Dmgr01/config/cells/transAdvisor1Cell01/applications/LookupCustomerEARProject.ear/LookupCustomerEARProject.ear","/opt/IBM/WebSphere/AppServer/profiles/Dmgr01/config/cells/transAdvisor1Cell01/applications/NewDatabaseEARProject.ear/NewDatabaseEARProject.ear","/opt/IBM/WebSphere/AppServer/profiles/Dmgr01/config/cells/transAdvisor1Cell01/applications/POS-EAR.ear/POS-EAR.ear","/opt/IBM/WebSphere/AppServer/profiles/Dmgr01/config/cells/transAdvisor1Cell01/applications/ThirdParty-EAR.ear/ThirdParty-EAR.ear","/opt/IBM/WebSphere/AppServer/profiles/Dmgr01/config/cells/transAdvisor1Cell01/applications/HealthServices.ear/HealthServices.ear","/opt/IBM/WebSphere/AppServer/profiles/Dmgr01/config/cells/transAdvisor1Cell01/applications/HealthServicesClient.ear/HealthServicesClient.ear","/opt/IBM/WebSphere/AppServer/profiles/Dmgr01/config/cells/transAdvisor1Cell01/applications/StatelessEJB3.ear/StatelessEJB3.ear","/opt/IBM/WebSphere/AppServer/profiles/Dmgr01/config/cells/transAdvisor1Cell01/applications/StatefulEJB3.ear/StatefulEJB3.ear","/opt/IBM/WebSphere/AppServer/profiles/Dmgr01/config/cells/transAdvisor1Cell01/applications/itcamdemo.ear/itcamdemo.ear","/opt/IBM/WebSphere/AppServer/profiles/Dmgr01/config/cells/transAdvisor1Cell01/applications/DayTrader-EE6.ear/DayTrader-EE6.ear","/opt/IBM/WebSphere/AppServer/profiles/Dmgr01/config/cells/transAdvisor1Cell01/applications/sampleMDB.ear/sampleMDB.ear","/opt/IBM/WebSphere/AppServer/profiles/Dmgr01/config/cells/transAdvisor1Cell01/applications/MQTTJavascript_war.ear/MQTTJavascript_war.ear","/opt/IBM/WebSphere/AppServer/profiles/Dmgr01/config/cells/transAdvisor1Cell01/applications/pbw-ear.ear/pbw-ear.ear"],"appToClusterMapping":null,"isStandalone":false,"webSphereVersion":"was90","javaVersion":"ibm8"},{"name":"was_custom_profile","profilePath":"/opt/johnc","cellName":"transAdvisor1Node01Cell","dmgrName":null,"nodes":null,"servers":null,"clusterNames":null,"applications":["/opt/johnc/config/cells/transAdvisor1Node01Cell/applications/DefaultApplication.ear/DefaultApplication.ear","/opt/johnc/config/cells/transAdvisor1Node01Cell/applications/query.ear/query.ear","/opt/johnc/config/cells/transAdvisor1Node01Cell/applications/eBuy.ear/eBuy.ear"],"appToClusterMapping":null,"isStandalone":true,"webSphereVersion":"was90","javaVersion":"ibm8"}]}