{
   "report": "analysis",
   "version": "1.1",
   "totalRulesFlagged": 4,
   "filesAffected": 10,
   "totalResults": 74,
   "options": [
      "--sourceAppServer=was90",
      "--sourceJava=ibm8",
      "--targetAppServer=was90",
      "--targetJava=ibm8",
      "--targetCloud=wasVM"
   ],
   "severitySummary": [
      {
         "severity": "Warning",
         "totalRulesFlagged": 4,
         "totalResults": 74
      }
   ],
   "applications": [
      "/opt/IBM/WebSphere/AppServer/profiles/Dmgr01/config/cells/transAdvisor1Cell01/applications/HealthServicesClient.ear/HealthServicesClient.ear"
   ],
   "rules": [
      {
         "ruleName": "Remote web services",
         "severity": "Warning",
         "category": "Technology connectivity considerations for IBM Cloud (WebSphere traditional)",
         "results": [
            {
               "fileName": "HealthServicesClient.ear/HealthServicesClient.war/WEB-INF/web.xml",
               "details": [
                  {
                     "reference": null,
                     "match": "service-ref",
                     "lineNumber": 13
                  }
               ]
            },
            {
               "fileName": "HealthServicesClient.ear/HealthServicesClient.war/WEB-INF/classes/com/ibm/health/doctor/DoctorCodeBlueService.class",
               "details": [
                  {
                     "reference": "Class implements",
                     "match": "javax.xml.rpc.Service",
                     "lineNumber": 0
                  }
               ]
            }
         ]
      },
      {
         "ruleName": "Validate the URL host and port for cloud access",
         "severity": "Warning",
         "category": "Connectivity considerations for IBM Cloud",
         "results": [
            {
               "fileName": "HealthServicesClient.ear/HealthServicesClient.war/WEB-INF/classes/com/ibm/health/accounts/HealthCareAccountServiceSoapBindingStub.class",
               "details": [
                  {
                     "reference": "Method _getaccountDeleteOperation0",
                     "match": "http://accounts.health.ibm.com",
                     "lineNumber": 54
                  },
                  {
                     "reference": "Method _getaccountDeleteOperation0",
                     "match": "http://accounts.health.ibm.com",
                     "lineNumber": 55
                  },
                  {
                     "reference": "Method _getaccountDeleteOperation0",
                     "match": "http://accounts.health.ibm.com",
                     "lineNumber": 58
                  },
                  {
                     "reference": "Method _getaccountDeleteOperation0",
                     "match": "http://accounts.health.ibm.com",
                     "lineNumber": 59
                  },
                  {
                     "reference": "Method _getaccountDeleteOperation0",
                     "match": "http://accounts.health.ibm.com",
                     "lineNumber": 61
                  },
                  {
                     "reference": "Method _getaccountDeleteOperation0",
                     "match": "http://accounts.health.ibm.com",
                     "lineNumber": 62
                  },
                  {
                     "reference": "Method _getaccountDeleteOperation0",
                     "match": "http://accounts.health.ibm.com",
                     "lineNumber": 65
                  },
                  {
                     "reference": "Method _getaccountReadOperation2",
                     "match": "http://accounts.health.ibm.com",
                     "lineNumber": 202
                  },
                  {
                     "reference": "Method _getaccountReadOperation2",
                     "match": "http://accounts.health.ibm.com",
                     "lineNumber": 203
                  },
                  {
                     "reference": "Method _getaccountReadOperation2",
                     "match": "http://accounts.health.ibm.com",
                     "lineNumber": 206
                  },
                  {
                     "reference": "Method _getaccountReadOperation2",
                     "match": "http://accounts.health.ibm.com",
                     "lineNumber": 207
                  },
                  {
                     "reference": "Method _getaccountReadOperation2",
                     "match": "http://accounts.health.ibm.com",
                     "lineNumber": 209
                  },
                  {
                     "reference": "Method _getaccountReadOperation2",
                     "match": "http://accounts.health.ibm.com",
                     "lineNumber": 210
                  },
                  {
                     "reference": "Method _getaccountReadOperation2",
                     "match": "http://accounts.health.ibm.com",
                     "lineNumber": 213
                  },
                  {
                     "reference": "Method _getaccountUpdateOperation1",
                     "match": "http://accounts.health.ibm.com",
                     "lineNumber": 128
                  },
                  {
                     "reference": "Method _getaccountUpdateOperation1",
                     "match": "http://accounts.health.ibm.com",
                     "lineNumber": 129
                  },
                  {
                     "reference": "Method _getaccountUpdateOperation1",
                     "match": "http://accounts.health.ibm.com",
                     "lineNumber": 132
                  },
                  {
                     "reference": "Method _getaccountUpdateOperation1",
                     "match": "http://accounts.health.ibm.com",
                     "lineNumber": 133
                  },
                  {
                     "reference": "Method _getaccountUpdateOperation1",
                     "match": "http://accounts.health.ibm.com",
                     "lineNumber": 135
                  },
                  {
                     "reference": "Method _getaccountUpdateOperation1",
                     "match": "http://accounts.health.ibm.com",
                     "lineNumber": 136
                  },
                  {
                     "reference": "Method _getaccountUpdateOperation1",
                     "match": "http://accounts.health.ibm.com",
                     "lineNumber": 139
                  }
               ]
            },
            {
               "fileName": "HealthServicesClient.ear/HealthServicesClient.war/WEB-INF/classes/com/ibm/health/doctor/DoctorCodeBlueSoapBindingStub.class",
               "details": [
                  {
                     "reference": "Method _getgetDoctorNumberOperation0",
                     "match": "http://doctor.health.ibm.com",
                     "lineNumber": 54
                  },
                  {
                     "reference": "Method _getgetDoctorNumberOperation0",
                     "match": "http://doctor.health.ibm.com",
                     "lineNumber": 55
                  },
                  {
                     "reference": "Method _getgetDoctorNumberOperation0",
                     "match": "http://doctor.health.ibm.com",
                     "lineNumber": 58
                  },
                  {
                     "reference": "Method _getgetDoctorNumberOperation0",
                     "match": "http://doctor.health.ibm.com",
                     "lineNumber": 59
                  },
                  {
                     "reference": "Method _getgetDoctorNumberOperation0",
                     "match": "http://doctor.health.ibm.com",
                     "lineNumber": 61
                  },
                  {
                     "reference": "Method _getgetDoctorNumberOperation0",
                     "match": "http://doctor.health.ibm.com",
                     "lineNumber": 62
                  },
                  {
                     "reference": "Method _getgetDoctorNumberOperation0",
                     "match": "http://doctor.health.ibm.com",
                     "lineNumber": 65
                  }
               ]
            },
            {
               "fileName": "HealthServicesClient.ear/HealthServicesClient.war/WEB-INF/classes/com/ibm/health/doctor/DoctorCodeBlueServiceLocator.class",
               "details": [
                  {
                     "reference": "Constructor",
                     "match": "http://doctor.health.ibm.com",
                     "lineNumber": 15
                  },
                  {
                     "reference": "Method getServiceName",
                     "match": "http://doctor.health.ibm.com",
                     "lineNumber": 117
                  },
                  {
                     "reference": "Field doctorCodeBlue_address",
                     "match": "http://localhost:9081/HealthServices/services/DoctorCodeBlue",
                     "lineNumber": 0
                  },
                  {
                     "reference": "Constructor",
                     "match": "http://localhost:9081/HealthServices/services/DoctorCodeBlue",
                     "lineNumber": 27
                  },
                  {
                     "reference": "Constructor",
                     "match": "http://localhost:9081/HealthServices/services/DoctorCodeBlue",
                     "lineNumber": 27
                  },
                  {
                     "reference": "Method getDoctorCodeBlueAddress",
                     "match": "http://localhost:9081/HealthServices/services/DoctorCodeBlue",
                     "lineNumber": 31
                  },
                  {
                     "reference": "Method getDoctorCodeBlueAddress",
                     "match": "http://localhost:9081/HealthServices/services/DoctorCodeBlue",
                     "lineNumber": 38
                  }
               ]
            },
            {
               "fileName": "HealthServicesClient.ear/HealthServicesClient.war/WEB-INF/classes/com/ibm/health/doctor/DoctorCodeBlueServiceInformation.class",
               "details": [
                  {
                     "reference": "Method _getDoctorNumber0Op",
                     "match": "http://doctor.health.ibm.com",
                     "lineNumber": 50
                  },
                  {
                     "reference": "Method _getDoctorNumber0Op",
                     "match": "http://doctor.health.ibm.com",
                     "lineNumber": 51
                  },
                  {
                     "reference": "Method _getDoctorNumber0Op",
                     "match": "http://doctor.health.ibm.com",
                     "lineNumber": 54
                  },
                  {
                     "reference": "Method _getDoctorNumber0Op",
                     "match": "http://doctor.health.ibm.com",
                     "lineNumber": 55
                  },
                  {
                     "reference": "Method _getDoctorNumber0Op",
                     "match": "http://doctor.health.ibm.com",
                     "lineNumber": 57
                  },
                  {
                     "reference": "Method _getDoctorNumber0Op",
                     "match": "http://doctor.health.ibm.com",
                     "lineNumber": 58
                  },
                  {
                     "reference": "Method _getDoctorNumber0Op",
                     "match": "http://doctor.health.ibm.com",
                     "lineNumber": 61
                  }
               ]
            },
            {
               "fileName": "HealthServicesClient.ear/HealthServicesClient.war/WEB-INF/wsdl/HealthCareAccountService.wsdl",
               "details": [
                  {
                     "reference": null,
                     "match": "address.location=http://milhouse.hursley.ibm.com:9081/HealthServices/services/HealthCareAccountService",
                     "lineNumber": 125
                  }
               ]
            },
            {
               "fileName": "HealthServicesClient.ear/HealthServicesClient.war/WEB-INF/classes/com/ibm/health/accounts/HealthCareAccountServiceServiceInformation.class",
               "details": [
                  {
                     "reference": "Method _accountDelete0Op",
                     "match": "http://accounts.health.ibm.com",
                     "lineNumber": 62
                  },
                  {
                     "reference": "Method _accountDelete0Op",
                     "match": "http://accounts.health.ibm.com",
                     "lineNumber": 63
                  },
                  {
                     "reference": "Method _accountDelete0Op",
                     "match": "http://accounts.health.ibm.com",
                     "lineNumber": 66
                  },
                  {
                     "reference": "Method _accountDelete0Op",
                     "match": "http://accounts.health.ibm.com",
                     "lineNumber": 67
                  },
                  {
                     "reference": "Method _accountDelete0Op",
                     "match": "http://accounts.health.ibm.com",
                     "lineNumber": 69
                  },
                  {
                     "reference": "Method _accountDelete0Op",
                     "match": "http://accounts.health.ibm.com",
                     "lineNumber": 70
                  },
                  {
                     "reference": "Method _accountDelete0Op",
                     "match": "http://accounts.health.ibm.com",
                     "lineNumber": 73
                  },
                  {
                     "reference": "Method _accountRead1Op",
                     "match": "http://accounts.health.ibm.com",
                     "lineNumber": 93
                  },
                  {
                     "reference": "Method _accountRead1Op",
                     "match": "http://accounts.health.ibm.com",
                     "lineNumber": 94
                  },
                  {
                     "reference": "Method _accountRead1Op",
                     "match": "http://accounts.health.ibm.com",
                     "lineNumber": 97
                  },
                  {
                     "reference": "Method _accountRead1Op",
                     "match": "http://accounts.health.ibm.com",
                     "lineNumber": 98
                  },
                  {
                     "reference": "Method _accountRead1Op",
                     "match": "http://accounts.health.ibm.com",
                     "lineNumber": 100
                  },
                  {
                     "reference": "Method _accountRead1Op",
                     "match": "http://accounts.health.ibm.com",
                     "lineNumber": 101
                  },
                  {
                     "reference": "Method _accountRead1Op",
                     "match": "http://accounts.health.ibm.com",
                     "lineNumber": 104
                  },
                  {
                     "reference": "Method _accountUpdate2Op",
                     "match": "http://accounts.health.ibm.com",
                     "lineNumber": 124
                  },
                  {
                     "reference": "Method _accountUpdate2Op",
                     "match": "http://accounts.health.ibm.com",
                     "lineNumber": 125
                  },
                  {
                     "reference": "Method _accountUpdate2Op",
                     "match": "http://accounts.health.ibm.com",
                     "lineNumber": 128
                  },
                  {
                     "reference": "Method _accountUpdate2Op",
                     "match": "http://accounts.health.ibm.com",
                     "lineNumber": 129
                  },
                  {
                     "reference": "Method _accountUpdate2Op",
                     "match": "http://accounts.health.ibm.com",
                     "lineNumber": 131
                  },
                  {
                     "reference": "Method _accountUpdate2Op",
                     "match": "http://accounts.health.ibm.com",
                     "lineNumber": 132
                  },
                  {
                     "reference": "Method _accountUpdate2Op",
                     "match": "http://accounts.health.ibm.com",
                     "lineNumber": 135
                  }
               ]
            },
            {
               "fileName": "HealthServicesClient.ear/HealthServicesClient.war/WEB-INF/classes/com/ibm/health/accounts/HealthCareAccountServiceServiceLocator.class",
               "details": [
                  {
                     "reference": "Field healthCareAccountService_address",
                     "match": "http://milhouse.hursley.ibm.com:9081/HealthServices/services/HealthCareAccountService",
                     "lineNumber": 0
                  },
                  {
                     "reference": "Constructor",
                     "match": "http://milhouse.hursley.ibm.com:9081/HealthServices/services/HealthCareAccountService",
                     "lineNumber": 27
                  },
                  {
                     "reference": "Constructor",
                     "match": "http://milhouse.hursley.ibm.com:9081/HealthServices/services/HealthCareAccountService",
                     "lineNumber": 27
                  },
                  {
                     "reference": "Method getHealthCareAccountServiceAddress",
                     "match": "http://milhouse.hursley.ibm.com:9081/HealthServices/services/HealthCareAccountService",
                     "lineNumber": 31
                  },
                  {
                     "reference": "Method getHealthCareAccountServiceAddress",
                     "match": "http://milhouse.hursley.ibm.com:9081/HealthServices/services/HealthCareAccountService",
                     "lineNumber": 38
                  },
                  {
                     "reference": "Constructor",
                     "match": "http://accounts.health.ibm.com",
                     "lineNumber": 15
                  },
                  {
                     "reference": "Method getServiceName",
                     "match": "http://accounts.health.ibm.com",
                     "lineNumber": 117
                  }
               ]
            },
            {
               "fileName": "HealthServicesClient.ear/HealthServicesClient.war/WEB-INF/wsdl/DoctorCodeBlue.wsdl",
               "details": [
                  {
                     "reference": null,
                     "match": "address.location=http://localhost:9081/HealthServices/services/DoctorCodeBlue",
                     "lineNumber": 51
                  }
               ]
            }
         ]
      }
   ]
}